carro,preco
amarok,104698.8445229682
civic,45093.68923418424
cruze,65846.58353808353
duster,54293.03014184397
ecosport,41349.012915129155
fluence,53917.42216981132
focus,40460.16591166478
fusion,64858.510835913316
gol,23442.688934743357
hb20,43182.880626223094
hilux,95711.34365079366
jetta,66386.3959359606
onix,38721.902298850575
punto,35145.22957867584
sandero,28978.26791927627
silverado,54251.634146341465
uno,22367.69911176906
